﻿designator,quantity,value,pack,mpn,mount_type
"C1, C2",2,100uF,CP_Radial_D8.0mm_P3.50mm,,tht
D1,1,+12V,LED_D5.0mm_BigPads,,tht
D2,1,-12V,LED_D5.0mm_BigPads,,tht
"D3, D4",2,4007,D_DO-41_SOD81_P7.62mm_Horizontal_BigPads,,tht
"H1, H2, H3, H4, H5, H6",6,MountingHole_Pad,MountingHole_M3_Standoff_Pad,,tht
J1,1,Power In,TerminalBlock_MetzConnect_Type101_RT01603HBWC_1x03_P5.08mm_Horizontal,,tht
J10,1,IDC5,IDC-Header_2x05_P2.54mm_Vertical_BigPads,,tht
J11,1,JST5,Eurorack_power_jst_3P,,tht
J12,1,IDC6,IDC-Header_2x05_P2.54mm_Vertical_BigPads,,tht
J13,1,JST6,Eurorack_power_jst_3P,,tht
J14,1,IDC7,IDC-Header_2x05_P2.54mm_Vertical_BigPads,,tht
J15,1,JST7,Eurorack_power_jst_3P,,tht
J16,1,IDC8,IDC-Header_2x05_P2.54mm_Vertical_BigPads,,tht
J17,1,JST8,Eurorack_power_jst_3P,,tht
J18,1,Power thru,TerminalBlock_MetzConnect_Type101_RT01603HBWC_1x03_P5.08mm_Horizontal,,tht
J19,1,Power In,Eurorack_power_jst_3P,,tht
J2,1,IDC1,IDC-Header_2x05_P2.54mm_Vertical_BigPads,,tht
J20,1,Power thru,Eurorack_power_jst_3P,,tht
J21,1,Power Thru,IDC-Header_2x05_P2.54mm_Vertical_BigPads,,tht
J22,1,Power In,IDC-Header_2x05_P2.54mm_Vertical_BigPads,,tht
J3,1,JST1,Eurorack_power_jst_3P,,tht
J4,1,IDC2,IDC-Header_2x05_P2.54mm_Vertical_BigPads,,tht
J5,1,JST2,Eurorack_power_jst_3P,,tht
J6,1,IDC3,IDC-Header_2x05_P2.54mm_Vertical_BigPads,,tht
J7,1,JST3,Eurorack_power_jst_3P,,tht
J8,1,IDC4,IDC-Header_2x05_P2.54mm_Vertical_BigPads,,tht
J9,1,JST4,Eurorack_power_jst_3P,,tht
"R1, R2",2,10K,R_quarter_watt_L6.3mm_D2.5mm_P7.62mm,,tht
TP1,1,+12V,TestPoint_THTPad_2.0x2.0mm_Drill1.0mm,,tht
TP2,1,GND,TestPoint_THTPad_2.0x2.0mm_Drill1.0mm,,tht
TP3,1,-12V,TestPoint_THTPad_2.0x2.0mm_Drill1.0mm,,tht
