﻿pos_x,pos_y,rotation,side,designator,mpn,pack,value,mount_type,place
141.19,-74.347349,-90.0,top,C1,,CP_Radial_D8.0mm_P3.50mm,100uF,tht,True
141.19,-83.347349,-90.0,top,C2,,CP_Radial_D8.0mm_P3.50mm,100uF,tht,True
167.81,-73.5,-90.0,top,D1,,LED_D5.0mm_BigPads,+12V,tht,True
167.81,-85.5,90.0,top,D2,,LED_D5.0mm_BigPads,-12V,tht,True
134.0,-72.485,180.0,top,D3,,D_DO-41_SOD81_P7.62mm_Horizontal_BigPads,4007,tht,True
126.38,-88.485,0.0,top,D4,,D_DO-41_SOD81_P7.62mm_Horizontal_BigPads,4007,tht,True
78.0,-69.0,0.0,top,H1,,MountingHole_M3_Standoff_Pad,MountingHole_Pad,tht,True
148.0,-133.0,0.0,top,H2,,MountingHole_M3_Standoff_Pad,MountingHole_Pad,tht,True
218.0,-133.0,0.0,top,H3,,MountingHole_M3_Standoff_Pad,MountingHole_Pad,tht,True
148.0,-69.0,0.0,top,H4,,MountingHole_M3_Standoff_Pad,MountingHole_Pad,tht,True
218.0,-69.0,0.0,top,H5,,MountingHole_M3_Standoff_Pad,MountingHole_Pad,tht,True
78.0,-133.0,0.0,top,H6,,MountingHole_M3_Standoff_Pad,MountingHole_Pad,tht,True
89.0,-75.4,-90.0,top,J1,,TerminalBlock_MetzConnect_Type101_RT01603HBWC_1x03_P5.08mm_Horizontal,Power In,tht,True
156.5025,-123.08,180.0,top,J10,,IDC-Header_2x05_P2.54mm_Vertical_BigPads,IDC5,tht,True
157.329284,-97.0,-90.0,top,J11,,Eurorack_power_jst_3P,JST5,tht,True
173.44,-123.08,180.0,top,J12,,IDC-Header_2x05_P2.54mm_Vertical_BigPads,IDC6,tht,True
174.257855,-97.0,-90.0,top,J13,,Eurorack_power_jst_3P,JST6,tht,True
190.3775,-123.08,180.0,top,J14,,IDC-Header_2x05_P2.54mm_Vertical_BigPads,IDC7,tht,True
191.186426,-97.0,-90.0,top,J15,,Eurorack_power_jst_3P,JST7,tht,True
207.315,-123.08,180.0,top,J16,,IDC-Header_2x05_P2.54mm_Vertical_BigPads,IDC8,tht,True
208.115,-97.0,-90.0,top,J17,,Eurorack_power_jst_3P,JST8,tht,True
205.81,-75.4,-90.0,top,J18,,TerminalBlock_MetzConnect_Type101_RT01603HBWC_1x03_P5.08mm_Horizontal,Power thru,tht,True
105.115,-77.985,-90.0,top,J19,,Eurorack_power_jst_3P,Power In,tht,True
88.7525,-123.08,180.0,top,J2,,IDC-Header_2x05_P2.54mm_Vertical_BigPads,IDC1,tht,True
193.81,-77.985,-90.0,top,J20,,Eurorack_power_jst_3P,Power thru,tht,True
181.5625,-85.565,180.0,top,J21,,IDC-Header_2x05_P2.54mm_Vertical_BigPads,Power Thru,tht,True
120.7525,-85.565,180.0,top,J22,,IDC-Header_2x05_P2.54mm_Vertical_BigPads,Power In,tht,True
89.615,-97.0,-90.0,top,J3,,Eurorack_power_jst_3P,JST1,tht,True
105.69,-123.08,180.0,top,J4,,IDC-Header_2x05_P2.54mm_Vertical_BigPads,IDC2,tht,True
106.543571,-97.0,-90.0,top,J5,,Eurorack_power_jst_3P,JST2,tht,True
122.6275,-123.08,180.0,top,J6,,IDC-Header_2x05_P2.54mm_Vertical_BigPads,IDC3,tht,True
123.472142,-97.0,-90.0,top,J7,,Eurorack_power_jst_3P,JST3,tht,True
139.565,-123.08,180.0,top,J8,,IDC-Header_2x05_P2.54mm_Vertical_BigPads,IDC4,tht,True
140.400713,-97.0,-90.0,top,J9,,Eurorack_power_jst_3P,JST4,tht,True
161.81,-78.295,90.0,top,R1,,R_quarter_watt_L6.3mm_D2.5mm_P7.62mm,10K,tht,True
161.81,-89.295,90.0,top,R2,,R_quarter_watt_L6.3mm_D2.5mm_P7.62mm,10K,tht,True
152.0,-72.485,180.0,top,TP1,,TestPoint_THTPad_2.0x2.0mm_Drill1.0mm,+12V,tht,True
152.0,-80.485,180.0,top,TP2,,TestPoint_THTPad_2.0x2.0mm_Drill1.0mm,GND,tht,True
152.0,-88.485,180.0,top,TP3,,TestPoint_THTPad_2.0x2.0mm_Drill1.0mm,-12V,tht,True
