﻿pos_x,pos_y,rotation,side,designator,mpn,pack,value,mount_type,place
59.102143,-90.200001,0.0,top,B3,,Board,Board,tht,False
77.402143,-98.14735,-90.0,top,C5,,CP_Radial_D8.0mm_P3.50mm,100uF,tht,True
86.402143,-98.24735,-90.0,top,C6,,CP_Radial_D8.0mm_P3.50mm,100uF,tht,True
73.682143,-106.200001,0.0,top,D10,,D_DO-41_SOD81_P7.62mm_Horizontal_BigPads,4007,tht,True
119.732143,-106.300001,0.0,top,D11,,LED_D5.0mm_BigPads,+12V,tht,True
103.402143,-106.200001,0.0,top,D12,,LED_D5.0mm_BigPads,-12V,tht,True
81.202143,-93.400001,180.0,top,D9,,D_DO-41_SOD81_P7.62mm_Horizontal_BigPads,4007,tht,True
241.397859,-93.200001,0.0,top,H13,,MountingHole_M3_Standoff_Pad,MountingHole_Pad,tht,True
241.397859,-106.800001,0.0,top,H14,,MountingHole_M3_Standoff_Pad,MountingHole_Pad,tht,True
155.397859,-93.200001,0.0,top,H15,,MountingHole_M3_Standoff_Pad,MountingHole_Pad,tht,True
155.397859,-106.800001,0.0,top,H16,,MountingHole_M3_Standoff_Pad,MountingHole_Pad,tht,True
58.602143,-106.800001,0.0,top,H17,,MountingHole_M3_Standoff_Pad,MountingHole_Pad,tht,True
58.602143,-93.200001,0.0,top,H18,,MountingHole_M3_Standoff_Pad,MountingHole_Pad,tht,True
96.582143,-97.300001,-90.0,top,J33,,Eurorack_power_jst_3P,JST1,tht,True
112.315714,-97.300001,-90.0,top,J34,,Eurorack_power_jst_3P,JST2,tht,True
129.164285,-97.300001,-90.0,top,J35,,Eurorack_power_jst_3P,JST3,tht,True
146.012856,-97.300001,-90.0,top,J36,,Eurorack_power_jst_3P,JST4,tht,True
168.714643,-97.300001,-90.0,top,J37,,Eurorack_power_jst_3P,JST5,tht,True
219.260359,-97.300001,-90.0,top,J38,,Eurorack_power_jst_3P,JST6,tht,True
202.411785,-97.300001,-90.0,top,J39,,Eurorack_power_jst_3P,JST7,tht,True
185.563214,-97.300001,-90.0,top,J40,,Eurorack_power_jst_3P,JST8,tht,True
67.002143,-94.640001,-90.0,top,J41,,TerminalBlock_MetzConnect_Type101_RT01603HBWC_1x03_P5.08mm_Horizontal,Power In,tht,True
233.647859,-94.720001,-90.0,top,J42,,TerminalBlock_MetzConnect_Type101_RT01603HBWC_1x03_P5.08mm_Horizontal,Power out,tht,True
116.192143,-92.200001,0.0,top,R5,,R_quarter_watt_L6.3mm_D2.5mm_P7.62mm,10K,tht,True
87.292143,-107.500001,0.0,top,R6,,R_quarter_watt_L6.3mm_D2.5mm_P7.62mm,10K,tht,True
