﻿designator,quantity,value,pack,mpn,mount_type
B3,1,Board,Board,,tht
"C5, C6",2,100uF,CP_Radial_D8.0mm_P3.50mm,,tht
"D10, D9",2,4007,D_DO-41_SOD81_P7.62mm_Horizontal_BigPads,,tht
D11,1,+12V,LED_D5.0mm_BigPads,,tht
D12,1,-12V,LED_D5.0mm_BigPads,,tht
"H13, H14, H15, H16, H17, H18",6,MountingHole_Pad,MountingHole_M3_Standoff_Pad,,tht
J33,1,JST1,Eurorack_power_jst_3P,,tht
J34,1,JST2,Eurorack_power_jst_3P,,tht
J35,1,JST3,Eurorack_power_jst_3P,,tht
J36,1,JST4,Eurorack_power_jst_3P,,tht
J37,1,JST5,Eurorack_power_jst_3P,,tht
J38,1,JST6,Eurorack_power_jst_3P,,tht
J39,1,JST7,Eurorack_power_jst_3P,,tht
J40,1,JST8,Eurorack_power_jst_3P,,tht
J41,1,Power In,TerminalBlock_MetzConnect_Type101_RT01603HBWC_1x03_P5.08mm_Horizontal,,tht
J42,1,Power out,TerminalBlock_MetzConnect_Type101_RT01603HBWC_1x03_P5.08mm_Horizontal,,tht
"R5, R6",2,10K,R_quarter_watt_L6.3mm_D2.5mm_P7.62mm,,tht
