﻿designator,quantity,value,pack,mpn,mount_type
B2,1,Board,Board,,tht
"C7, C8",2,100uF,CP_Radial_D8.0mm_P3.50mm,,tht
D13,1,+12V,LED_D5.0mm_BigPads,,tht
"D14, D16",2,4007,D_DO-41_SOD81_P7.62mm_Horizontal_BigPads,,tht
D15,1,-12V,LED_D5.0mm_BigPads,,tht
"H10, H11, H12, H7, H8, H9",6,MountingHole_Pad,MountingHole_M3_Standoff_Pad,,tht
J23,1,IDC1,IDC-Header_2x05_P2.54mm_Vertical_BigPads,,tht
J24,1,IDC2,IDC-Header_2x05_P2.54mm_Vertical_BigPads,,tht
J25,1,IDC3,IDC-Header_2x05_P2.54mm_Vertical_BigPads,,tht
J26,1,IDC4,IDC-Header_2x05_P2.54mm_Vertical_BigPads,,tht
J27,1,IDC5,IDC-Header_2x05_P2.54mm_Vertical_BigPads,,tht
J28,1,IDC6,IDC-Header_2x05_P2.54mm_Vertical_BigPads,,tht
J29,1,IDC7,IDC-Header_2x05_P2.54mm_Vertical_BigPads,,tht
J30,1,IDC8,IDC-Header_2x05_P2.54mm_Vertical_BigPads,,tht
J43,1,Power In,TerminalBlock_MetzConnect_Type101_RT01603HBWC_1x03_P5.08mm_Horizontal,,tht
J44,1,Power out,TerminalBlock_MetzConnect_Type101_RT01603HBWC_1x03_P5.08mm_Horizontal,,tht
"R7, R8",2,10K,R_quarter_watt_L6.3mm_D2.5mm_P7.62mm,,tht
