﻿pos_x,pos_y,rotation,side,designator,mpn,pack,value,mount_type,place
56.304284,-86.99,0.0,top,B2,,Board,Board,tht,False
73.5,-94.097349,-90.0,top,C7,,CP_Radial_D8.0mm_P3.50mm,100uF,tht,True
73.5,-102.847349,-90.0,top,C8,,CP_Radial_D8.0mm_P3.50mm,100uF,tht,True
85.0,-96.73,-90.0,top,D13,,LED_D5.0mm_BigPads,+12V,tht,True
68.75,-90.0,180.0,top,D14,,D_DO-41_SOD81_P7.62mm_Horizontal_BigPads,4007,tht,True
85.0,-103.77,90.0,top,D15,,LED_D5.0mm_BigPads,-12V,tht,True
61.0,-110.25,0.0,top,D16,,D_DO-41_SOD81_P7.62mm_Horizontal_BigPads,4007,tht,True
159.0,-90.0,0.0,top,H10,,MountingHole_M3_Standoff_Pad,MountingHole_Pad,tht,True
55.0,-110.0,0.0,top,H11,,MountingHole_M3_Standoff_Pad,MountingHole_Pad,tht,True
245.0,-110.0,0.0,top,H12,,MountingHole_M3_Standoff_Pad,MountingHole_Pad,tht,True
55.0,-90.0,0.0,top,H7,,MountingHole_M3_Standoff_Pad,MountingHole_Pad,tht,True
159.0,-110.0,0.0,top,H8,,MountingHole_M3_Standoff_Pad,MountingHole_Pad,tht,True
245.0,-90.0,0.0,top,H9,,MountingHole_M3_Standoff_Pad,MountingHole_Pad,tht,True
98.706784,-105.25,180.0,top,J23,,IDC-Header_2x05_P2.54mm_Vertical_BigPads,IDC1,tht,True
115.555355,-105.25,180.0,top,J24,,IDC-Header_2x05_P2.54mm_Vertical_BigPads,IDC2,tht,True
132.403926,-105.25,180.0,top,J25,,IDC-Header_2x05_P2.54mm_Vertical_BigPads,IDC3,tht,True
149.252497,-105.25,180.0,top,J26,,IDC-Header_2x05_P2.54mm_Vertical_BigPads,IDC4,tht,True
171.954284,-105.25,180.0,top,J27,,IDC-Header_2x05_P2.54mm_Vertical_BigPads,IDC5,tht,True
188.802855,-105.25,180.0,top,J28,,IDC-Header_2x05_P2.54mm_Vertical_BigPads,IDC6,tht,True
205.651426,-105.25,180.0,top,J29,,IDC-Header_2x05_P2.54mm_Vertical_BigPads,IDC7,tht,True
222.5,-105.25,180.0,top,J30,,IDC-Header_2x05_P2.54mm_Vertical_BigPads,IDC8,tht,True
62.0,-95.0,-90.0,top,J43,,TerminalBlock_MetzConnect_Type101_RT01603HBWC_1x03_P5.08mm_Horizontal,Power In,tht,True
237.25,-95.165,-90.0,top,J44,,TerminalBlock_MetzConnect_Type101_RT01603HBWC_1x03_P5.08mm_Horizontal,Power out,tht,True
81.0,-91.5,0.0,top,R7,,R_quarter_watt_L6.3mm_D2.5mm_P7.62mm,10K,tht,True
80.88,-109.0,0.0,top,R8,,R_quarter_watt_L6.3mm_D2.5mm_P7.62mm,10K,tht,True
